timestamp,raw_front_center.x,raw_front_center.y,raw_front_center.z,raw_front_l_shldr.x,raw_front_l_shldr.y,raw_front_l_shldr.z,raw_front_r_shlrd.x,raw_front_r_shlrd.y,raw_front_r_shlrd.z,raw_side_shlrd.x,raw_side_shlrd.y,raw_side_shlrd.z,raw_side_ear.x,raw_side_ear.y,raw_side_ear.z,raw_side_hip.x,raw_side_hip.y,raw_side_hip.z,measured_neck_inclination,measured_torso_inclination,measured_level,measured_lean,measured_eval_score,measured_true_score,measured_composite_score,measured_spine_length,sent_vibration,sent_sound,moved_desk
2024-11-08 15:39:56,0.42741602659225464,0.4765499234199524,-0.417868509888649,0.6875338554382324,0.8601168394088745,-0.24080172181129456,0.1586342304944992,0.8441603183746338,-0.22585228085517883,0.386543333530426,0.2814894914627075,0.33309289813041687,0.3609308898448944,0.23362167179584503,0.35015004873275757,0.37867271900177,0.42586463689804077,0.052914928644895554,133.9998276730831,39.63408738098577,0.003078848123550415,0.06679385527968407,68.4624097602708,14.331583980344817,4.132031245776249,0.4339774332276138,0,0,0
2024-11-08 15:39:57,0.4256907254457474,0.46768078207969666,-0.8197637498378754,0.6868274211883545,0.846403181552887,-0.45708131790161133,0.16421367228031158,0.8338696360588074,-0.4791697859764099,0.3981507122516632,0.2924061119556427,0.20094306766986847,0.372350811958313,0.23357777297496796,0.2215152084827423,0.37881824374198914,0.44624629616737366,0.026334494352340698,136.3886234873156,27.712049232474975,0.0018882155418395996,0.07769886404275894,59.11525939192091,41.519974417291905,38.08445085237661,0.4082144650883599,0,0,0
2024-11-08 15:39:57,0.4253491759300232,0.4660412222146988,-0.8182049691677094,0.6834141612052917,0.8440452814102173,-0.4428534507751465,0.1616014838218689,0.8325232267379761,-0.5140215754508972,0.37065738439559937,0.30822113156318665,0.21838340163230896,0.3585165739059448,0.24641434848308563,0.28300750255584717,0.36092284321784973,0.4716266691684723,-0.04238910228013992,148.45166048127015,32.882772035024644,0.00040224194526672363,0.08097874373197556,56.303933944020955,48.06678060372893,37.42463113319916,0.4000400984061412,0,0,0
2024-11-08 15:39:58,0.42423801124095917,0.4672641158103943,-0.8709015250205994,0.676406979560852,0.8374102711677551,-0.45667093992233276,0.16096831858158112,0.834626317024231,-0.5194534063339233,0.3781460225582123,0.3106550872325897,0.35967427492141724,0.3677380681037903,0.24788808822631836,0.38678646087646484,0.36491313576698303,0.4631848633289337,0.01887386478483677,140.5091587985095,41.86658238087717,0.0021504759788513184,0.08115937933325768,56.14910342863628,18.97965755615897,4.723310167453155,0.45115036475073506,0,0,0
2024-11-08 15:39:59,0.42396239936351776,0.46738801896572113,-0.9271112382411957,0.6748859286308289,0.8355118632316589,-0.5106584429740906,0.15992072224617004,0.8348550200462341,-0.5586228966712952,0.3746595084667206,0.30641958117485046,0.225350022315979,0.36722347140312195,0.24484644830226898,0.24006326496601105,0.359559029340744,0.4758044481277466,0.013253821060061455,157.3635414287965,25.086190584681304,0.0007107555866241455,0.08409055322408676,53.63666866506849,76.1365768309525,67.88522077911277,0.41530967962699533,0,0,0
2024-11-08 15:39:59,0.4241180419921875,0.467360720038414,-0.8708702921867371,0.6757211089134216,0.8367003798484802,-0.4819658398628235,0.16019733250141144,0.8350529074668884,-0.5331015586853027,0.3763028383255005,0.31624525785446167,0.32338762283325195,0.36629974842071533,0.26029184460639954,0.40436631441116333,0.35478073358535767,0.4930287301540375,-0.03301353007555008,152.8540428864593,36.13673512864669,0.002214372158050537,0.08477065339684486,53.05372565984727,47.72218978374963,33.42750644837307,0.440279811341855,0,0,0
2024-11-08 15:40:00,0.4243387132883072,0.46729548275470734,-0.854701429605484,0.6761946082115173,0.8401601314544678,-0.4627963900566101,0.16042611002922058,0.8368787169456482,-0.529466986656189,0.40575844049453735,0.24631167948246002,0.19087561964988708,0.36581841111183167,0.2026047557592392,0.19717080891132355,0.39721956849098206,0.3723509609699249,0.0443778894841671,127.89436982392084,30.79160847176639,0.005385607481002808,0.08121835812926292,56.09855017491749,23.468900809956395,20.37777839034842,0.3601627027534615,0,0,0
2024-11-08 15:40:01,0.42470479011535645,0.46719905734062195,-0.8313459753990173,0.6759578585624695,0.8402349352836609,-0.4377292990684509,0.16040454804897308,0.8372318148612976,-0.5252569317817688,0.40575844049453735,0.24631167948246002,0.19087561964988708,0.36581841111183167,0.2026047557592392,0.19717080891132355,0.39721956849098206,0.3723509609699249,0.0443778894841671,125.92359151331122,29.829591192582008,0.006347924470901489,0.08088052645325661,56.38812018292292,22.633845733471695,20.789780160236468,0.3527785980295517,0,0,0
2024-11-08 15:40:02,0.4247753769159317,0.4711403101682663,-0.8297960460186005,0.6764621138572693,0.8438355326652527,-0.43449100852012634,0.16031910479068756,0.8385723829269409,-0.4911944270133972,0.40575844049453735,0.24631167948246002,0.19087561964988708,0.36581841111183167,0.2026047557592392,0.19717080891132355,0.39721956849098206,0.3723509609699249,0.0443778894841671,125.14052966724586,29.25592306810075,0.002905726432800293,0.07805562764406204,58.8094620193754,22.684895397942707,21.579260886670557,0.3507678890733834,0,0,0
2024-11-08 15:40:03,0.4260236322879791,0.4706417918205261,-0.8774757087230682,0.6768154501914978,0.83768230676651,-0.458639532327652,0.15897294878959656,0.8350233435630798,-0.5357077121734619,0.3500211536884308,0.31340381503105164,0.32935959100723267,0.3420134484767914,0.26619067788124084,0.3539000153541565,0.3545614182949066,0.46229231357574463,0.022137228399515152,143.53685720281857,41.398431818070634,0.004351139068603516,0.0858408734202385,52.13639421122416,24.15473644780473,9.101544452139944,0.4233659089028677,0,0,0
2024-11-08 15:40:04,0.4268980920314789,0.46905481815338135,-0.8806977272033691,0.683566689491272,0.8487418293952942,-0.47607749700546265,0.15826165676116943,0.8374067544937134,-0.544876217842102,0.37739282846450806,0.3023672103881836,0.2985277771949768,0.36506935954093933,0.2508704662322998,0.3522863984107971,0.37089404463768005,0.46175673604011536,-0.006630479358136654,150.1715703720471,39.4326390563154,0.005120515823364258,0.08384479209780693,53.84732105902263,37.37492040823516,21.72738931202856,0.44924062570402584,0,0,0
2024-11-08 15:40:04,0.42823079228401184,0.4687318652868271,-0.8767062723636627,0.686019778251648,0.8513638973236084,-0.4877881407737732,0.15981349349021912,0.8365505337715149,-0.5410774946212769,0.37703463435173035,0.3090391457080841,0.31992802023887634,0.3641816973686218,0.25483182072639465,0.35435840487480164,0.360948383808136,0.4727759063243866,-0.029271792620420456,153.20899984491035,37.3479833761638,0.001397550106048584,0.08266003057360649,54.86283093690873,45.796633030546886,30.678419039810016,0.4534347284146899,0,0,0
2024-11-08 15:40:05,0.42867356538772583,0.46379439532756805,-0.8867729604244232,0.6929237842559814,0.8523064851760864,-0.4957180619239807,0.1637210100889206,0.8349974751472473,-0.5583042502403259,0.43229857087135315,0.3049192428588867,0.015725241973996162,0.43251094222068787,0.2707255184650421,-0.03295821323990822,0.41106709837913513,0.3878813683986664,0.048752862960100174,150.7850201223859,20.957526235025256,0.0044942498207092285,0.08365717902779579,54.00813226188932,75.18397570128974,71.67719212098494,0.38990708278762637,0,0,0
2024-11-08 15:40:06,0.427775576710701,0.46550458669662476,-0.8332183063030243,0.6901816129684448,0.850079357624054,-0.4660431444644928,0.16564936935901642,0.8321840167045593,-0.532564640045166,0.450103223323822,0.2973765730857849,0.03212035819888115,0.4416738450527191,0.25795120000839233,-0.01602274924516678,0.4179535508155823,0.3822396993637085,0.05571313574910164,134.52146018411153,30.610889865186287,0.005646735429763794,0.08006807789206505,57.084504663944244,33.10826452738356,28.198791795223123,0.4054380989636128,0,0,0
2024-11-08 15:40:07,0.4274958074092865,0.46895626187324524,-0.8849062025547028,0.6892461180686951,0.8459569215774536,-0.49985471367836,0.16494682431221008,0.8329898715019226,-0.5094470977783203,0.45415177941322327,0.30190834403038025,-0.04580187052488327,0.444894015789032,0.2584547996520996,-0.09279675036668777,0.41778379678726196,0.38454294204711914,0.053021352738142014,137.82969786053815,37.726065137444174,0.007058203220367432,0.08073549717664719,56.51243099144527,23.50944672986506,12.835448829646433,0.4159376385713777,0,0,0
2024-11-08 15:40:07,0.4265153557062149,0.4702606499195099,-0.9382800459861755,0.69072425365448,0.8484618663787842,-0.5239015817642212,0.16503790020942688,0.8340312242507935,-0.5771313309669495,0.4516981542110443,0.30144914984703064,-0.03692304715514183,0.44270458817481995,0.2553383708000183,-0.07997391372919083,0.41942137479782104,0.3852454721927643,0.04975343123078346,139.8496292464378,36.012366770093095,0.004935473203659058,0.0849694088101387,52.883363877023974,29.764747404826718,19.44578231135118,0.40798671231484973,0,0,0
2024-11-08 15:40:08,0.4263526052236557,0.4711325764656067,-0.8722400963306427,0.6922218799591064,0.8493061065673828,-0.43912315368652344,0.16294297575950623,0.8367374539375305,-0.5476140379905701,0.45244941115379333,0.3040052652359009,0.05420229583978653,0.4434207081794739,0.2567691206932068,0.022895921021699905,0.4181835651397705,0.391252338886261,0.05235762149095535,135.80343244430705,31.06176322004789,0.006849497556686401,0.08574221655726433,52.22095723663058,34.00127898193409,28.16345496377491,0.4031237137419382,0,0,0
2024-11-08 15:40:08,0.42633727192878723,0.47277460992336273,-0.8640493154525757,0.6924035549163818,0.8495161533355713,-0.4372154772281647,0.16251783072948456,0.8376710414886475,-0.5467258095741272,0.4535751938819885,0.3064035475254059,0.07143405824899673,0.4459134042263031,0.25682392716407776,0.048375003039836884,0.4194028377532959,0.3923504948616028,0.05273307487368584,136.51720769423844,32.558855979269644,0.007290184497833252,0.08739465847611427,50.80457844904491,32.00637881339453,24.88554144139548,0.4076019490295097,0,0,0
2024-11-08 15:40:09,0.426722913980484,0.4727005809545517,-0.8968397676944733,0.6911739110946655,0.8484141826629639,-0.47241824865341187,0.16152140498161316,0.8379076719284058,-0.5763401389122009,0.4544579088687897,0.3072563111782074,0.05375225096940994,0.446342796087265,0.25609534978866577,0.021256985142827034,0.4194325804710388,0.3887615501880646,0.053576111793518066,135.33928242255377,31.613877811339766,0.009816884994506836,0.08900890871882439,49.420935383864816,32.24723976889574,26.040583270429675,0.40778259804541983,0,0,0
2024-11-08 15:40:10,0.4269232451915741,0.4725474864244461,-0.8991038203239441,0.6925907731056213,0.849678635597229,-0.4793574810028076,0.16117869317531586,0.8377010822296143,-0.5646180510520935,0.45801764726638794,0.2900000512599945,0.054568659514188766,0.4475914537906647,0.25356587767601013,0.018043139949440956,0.42435401678085327,0.38286182284355164,0.05443074554204941,133.0229379830542,30.091568090195953,0.00936424732208252,0.08773172274231911,50.51566622086934,32.048976995883955,27.606833518547198,0.43582169049336467,0,0,0
2024-11-08 15:40:10,0.42709389328956604,0.472759947180748,-0.8823179304599762,0.6904447674751282,0.8469952344894409,-0.4736165404319763,0.16215692460536957,0.8358786106109619,-0.54283207654953,0.45254579186439514,0.2919214963912964,0.08491772413253784,0.4441048204898834,0.2530197203159332,0.04814920574426651,0.41822701692581177,0.38358354568481445,0.05766541510820389,135.93817958997712,29.589331966072347,0.00737115740776062,0.08814669400453568,50.15997656754085,37.134787493823275,32.13511113449229,0.4146328982181424,0,0,0
2024-11-08 15:40:11,0.42846137285232544,0.47076205909252167,-0.8755466341972351,0.6928582787513733,0.8502795696258545,-0.48857754468917847,0.16312240064144135,0.8359960317611694,-0.533075749874115,0.4512472152709961,0.29405927658081055,0.09223489463329315,0.44383373856544495,0.2521776258945465,0.06444211304187775,0.4174298644065857,0.38568833470344543,0.05735699459910393,138.13679193242558,30.837312996588807,0.00610920786857605,0.08377708122134209,53.905358953135355,37.7168827122182,31.41290441575475,0.4165793036497345,0,0,0
2024-11-08 15:40:11,0.42883291840553284,0.46919672191143036,-0.8419036865234375,0.6953815221786499,0.8511180877685547,-0.4536954462528229,0.16378407180309296,0.8360549211502075,-0.5048054456710815,0.4523985981941223,0.29247045516967773,0.02682631090283394,0.4448377192020416,0.2516753077507019,-0.02282632142305374,0.4179193079471588,0.38039276003837585,0.05536681413650513,136.00161076145525,31.827034710922437,0.0074422359466552734,0.08203104138374329,55.40196452822004,32.74818564419249,26.49977750155195,0.41808735144474957,0,0,0
2024-11-08 15:40:12,0.42906494438648224,0.4699385166168213,-0.8818823099136353,0.6943139433860779,0.8510130643844604,-0.45919013023376465,0.16348479688167572,0.8356411457061768,-0.531523585319519,0.4532533586025238,0.2967151999473572,0.10311982780694962,0.4439411163330078,0.25196194648742676,0.07025734335184097,0.4175775945186615,0.37968316674232483,0.05302179977297783,129.05345570138726,33.156447498173904,0.0069127678871154785,0.0844244733452797,53.3504514183317,20.361942985594368,15.209130513978838,0.41548770487491166,0,0,0
2024-11-08 15:40:13,0.4289718270301819,0.47143110632896423,-0.844351202249527,0.6915991902351379,0.8513071537017822,-0.4382754862308502,0.16133597493171692,0.8357623815536499,-0.5245932340621948,0.4539288580417633,0.29611319303512573,0.05798615142703056,0.44555848836898804,0.2510906457901001,0.019524890929460526,0.41763177514076233,0.38063791394233704,0.05240602046251297,130.0906013857844,34.001552816376254,0.007127135992050171,0.08598249033093452,52.015008287770414,20.123736307345645,14.029604428414679,0.41842196906375,0,0,0
2024-11-08 15:40:13,0.4287436902523041,0.47287717461586,-0.8683539927005768,0.6934683322906494,0.8506463766098022,-0.4925520420074463,0.16299887001514435,0.835791826248169,-0.5040665864944458,0.45601755380630493,0.29536300897598267,0.07411772757768631,0.4456847608089447,0.2513076066970825,0.050837017595767975,0.41910019516944885,0.3840947151184082,0.05220278352499008,133.65774880230734,32.901185694552524,0.002940744161605835,0.08426287025213242,53.48896835531507,27.318476934125226,20.961476914830435,0.4203971192006465,0,0,0
2024-11-08 15:40:14,0.4291931092739105,0.4710576981306076,-0.9093316495418549,0.6963945031166077,0.8485768437385559,-0.5315827131271362,0.16604752838611603,0.834445059299469,-0.5439131855964661,0.45616427063941956,0.29548123478889465,0.0668310672044754,0.44561561942100525,0.2513551414012909,0.0445663258433342,0.42021164298057556,0.38500744104385376,0.0515742190182209,134.18816405466913,32.342669697891,0.00364723801612854,0.08491528406739235,52.929756513663705,29.178090280754787,23.006349091443234,0.4199875431304961,0,0,0
2024-11-08 15:40:14,0.42947135865688324,0.47041821479797363,-0.8782795965671539,0.6962801814079285,0.8488913178443909,-0.49485644698143005,0.16536477208137512,0.8348396420478821,-0.545158863067627,0.4554045796394348,0.3017517030239105,0.06930006295442581,0.4452587962150574,0.25293776392936707,0.045082878321409225,0.41935858130455017,0.3873724639415741,0.052823860198259354,133.0067583466426,31.88970584349978,0.004723936319351196,0.08315691724419594,54.43692807640348,28.4300499983001,22.990065002460966,0.4154964007351895,0,0,0
2024-11-08 15:40:15,0.4301372468471527,0.47045478224754333,-0.8980803489685059,0.6965973377227783,0.854755699634552,-0.49877849221229553,0.16534146666526794,0.8359736204147339,-0.557933509349823,0.4521195888519287,0.2960376441478729,-0.054331224411726,0.4421251714229584,0.25271475315093994,-0.0926017314195633,0.4153750538825989,0.3832283318042755,0.04053084924817085,134.61248798310606,37.40062657413472,0.005377680063247681,0.08270076289772987,54.827917516231544,19.656230028079047,10.080128459535658,0.44727112300208205,0,0,0
2024-11-08 15:40:15,0.43033240735530853,0.4715653210878372,-0.9075955152511597,0.6967214345932007,0.8602991700172424,-0.49504905939102173,0.16547812521457672,0.8366113901138306,-0.5659879446029663,0.45028334856033325,0.2963787913322449,0.05340491980314255,0.4415082335472107,0.25202676653862,0.00027748948195949197,0.4163602292537689,0.38110679388046265,0.04888526722788811,131.75774124887505,30.42068473302614,0.005309492349624634,0.0837407335639,53.93651408808573,29.619468282372793,25.50851512343047,0.4115642974037074,0,0,0
2024-11-08 15:40:16,0.43016909062862396,0.4717567563056946,-0.854014664888382,0.6962904334068298,0.8615116477012634,-0.46072250604629517,0.1637810617685318,0.8367761969566345,-0.5534812211990356,0.4554167687892914,0.30172809958457947,0.03861558064818382,0.44610390067100525,0.2541603147983551,0.0030154662672430277,0.4206390380859375,0.38137689232826233,0.04984552040696144,133.50354308297452,32.55727175048255,0.005551844835281372,0.08275160938501358,54.78433481284551,27.79041681519923,21.773722797294116,0.40214223720765035,0,0,0
2024-11-08 15:40:17,0.4299878031015396,0.4724511653184891,-0.8553726673126221,0.6936377286911011,0.8579116463661194,-0.4666194021701813,0.16298148036003113,0.8364628553390503,-0.5176076889038086,0.45616498589515686,0.2964921295642853,0.042734283953905106,0.4458146095275879,0.2540188431739807,0.012967403046786785,0.421738862991333,0.3789639174938202,0.04987344518303871,132.8059701506695,32.66543340750582,0.006216108798980713,0.08546213433146477,52.46102771588735,26.597491395925665,20.601796131515293,0.3987271617294981,0,0,0
2024-11-08 15:40:17,0.4297167956829071,0.4708634465932846,-0.8610626459121704,0.6939871311187744,0.8534680008888245,-0.45815783739089966,0.16371384263038635,0.8364792466163635,-0.5236192345619202,0.45728906989097595,0.2932930588722229,-0.00897269044071436,0.44659119844436646,0.25266233086586,-0.05396416038274765,0.4217866063117981,0.3801085650920868,0.04973892122507095,130.10031423681698,36.921985155958886,0.006919890642166138,0.08505593985319138,52.80919441155025,14.296469619626002,6.292178298519163,0.4107353116347319,0,0,0
2024-11-08 15:40:18,0.4293847233057022,0.46895502507686615,-0.8430785238742828,0.6940791606903076,0.8391792178153992,-0.4507942795753479,0.16777312755584717,0.8353385329246521,-0.5021598935127258,0.4545789361000061,0.2957240045070648,0.07662026584148407,0.44496017694473267,0.2536388337612152,0.056234050542116165,0.41806331276893616,0.38552653789520264,0.051416464149951935,130.72209159383237,33.40432646785161,0.006503880023956299,0.08510985597968102,52.762980588844854,22.2022752956621,16.35424586838689,0.40733144712680713,0,0,0
2024-11-08 15:40:18,0.4291015863418579,0.4683118313550949,-0.8573859632015228,0.6957904100418091,0.8408200740814209,-0.49411138892173767,0.16803959012031555,0.836192786693573,-0.5237126350402832,0.4516182541847229,0.2969173491001129,0.0011931326007470489,0.4443884491920471,0.2528568506240845,-0.05775679275393486,0.4161125123500824,0.38269174098968506,0.05270957946777344,136.07153317147805,33.2863205767776,0.006722390651702881,0.07989625632762909,57.23178029060364,29.927505286514084,22.776753965082452,0.40210502388153024,0,0,0
2024-11-08 15:40:19,0.42859213054180145,0.4692799001932144,-0.8059348165988922,0.691822350025177,0.8456624150276184,-0.4523369371891022,0.16863113641738892,0.8360970616340637,-0.45315414667129517,0.4535946249961853,0.3061269223690033,0.06083068996667862,0.4452451765537262,0.25529441237449646,0.03561946749687195,0.41637474298477173,0.3869783282279968,0.051066894084215164,135.5159979026191,33.96858617777978,0.007641255855560303,0.06659693270921707,68.6312005349568,27.78522470810717,20.916261245549432,0.40420870480653825,0,0,0
2024-11-08 15:40:20,0.42838141322135925,0.4702576696872711,-0.8533576726913452,0.6907254457473755,0.8453282117843628,-0.4630514979362488,0.16936348378658295,0.8349816799163818,-0.5085084438323975,0.4590384364128113,0.29970893263816833,0.03552483394742012,0.4490179419517517,0.25724348425865173,0.007044518832117319,0.42189890146255493,0.3865176737308502,0.05155389755964279,133.2171538472177,34.19394649524569,0.007778555154800415,0.06912988051772118,66.46010241338185,24.116122395613402,17.678017031953388,0.41598867720463883,0,0,0
2024-11-08 15:40:20,0.4261406362056732,0.5258601307868958,-0.8808350563049316,0.6885291337966919,0.8942515254020691,-0.47622042894363403,0.16774055361747742,0.8842287063598633,-0.5255948305130005,0.4580594003200531,0.30213943123817444,0.06806950271129608,0.44988059997558594,0.25691500306129456,0.04085846245288849,0.42040663957595825,0.38638877868652344,0.0534045584499836,133.60767578627105,34.1047510627729,0.00524371862411499,0.07623400539159775,60.37085252148765,24.841243975233674,18.040983156911476,0.4226164605177554,0,0,0
2024-11-08 15:40:21,0.4252581149339676,0.5567210018634796,-0.7740523219108582,0.6833668351173401,0.9159194231033325,-0.4065626561641693,0.1724836528301239,0.9009221792221069,-0.4391912817955017,0.45754918456077576,0.3041347563266754,0.0741964727640152,0.4496024549007416,0.2564764618873596,0.048800550401210785,0.42071446776390076,0.3866419196128845,0.05464879423379898,136.39123610615604,33.73682805187955,0.005332499742507935,0.07224756851792336,63.78779841320856,29.47407444485937,22.25487483241995,0.41876765066411215,0,0,0
2024-11-08 15:40:21,0.42479899525642395,0.5628440678119659,-0.7909497022628784,0.6743189692497253,0.9155279994010925,-0.40519267320632935,0.17190703749656677,0.9036370515823364,-0.4238734841346741,0.460207462310791,0.30003613233566284,0.02666127122938633,0.45010295510292053,0.2564927041530609,-0.003697964595630765,0.42238593101501465,0.38710257411003113,0.053797125816345215,136.23363439440297,33.228991613338124,0.0008561611175537109,0.07845061644911766,58.47090018647059,30.269104925487905,23.169898540931797,0.428533424701548,0,0,0
2024-11-08 15:40:22,0.42205433547496796,0.5692635178565979,-0.9110122323036194,0.6745681166648865,0.9309883117675781,-0.46820253133773804,0.16594000160694122,0.9145028591156006,-0.5322076082229614,0.404776006937027,0.31896892189979553,-0.09937354922294617,0.39164265990257263,0.2554505467414856,-0.0980277881026268,0.35913440585136414,0.45704686641693115,-0.03477989882230759,133.75380231491457,31.369773814716588,0.0009475946426391602,0.09717508032917976,42.421359717845924,30.51577561144722,24.597520359720754,0.4224288807701046,0,0,0
2024-11-08 15:40:23,0.42136502265930176,0.5664245188236237,-0.8607477843761444,0.6743595600128174,0.9278721213340759,-0.4758097231388092,0.1666555255651474,0.9133704900741577,-0.4901062846183777,0.4173850119113922,0.3273574709892273,0.1283288598060608,0.4131927490234375,0.24938878417015076,0.17459334433078766,0.3650050759315491,0.46864891052246094,-0.0221434123814106,146.07311025671976,33.85000073953277,0.0008442401885986328,0.08845268934965134,49.897694843156,42.802352880342134,31.908637385795497,0.4060744479293278,0,0,0
2024-11-08 15:40:23,0.4221015125513077,0.5664302408695221,-0.9087528586387634,0.6744989156723022,0.9294748306274414,-0.4846486449241638,0.16874930262565613,0.9129142761230469,-0.5199077725410461,0.41553348302841187,0.31089457869529724,0.14474007487297058,0.4096970558166504,0.25173670053482056,0.1218360885977745,0.3756232261657715,0.4361720681190491,0.04130624607205391,142.4238346244964,30.259903537384844,0.003854691982269287,0.0891370102763176,49.31113404887064,44.87356139952528,37.43869868969666,0.38698926706418024,0,0,0
2024-11-08 15:40:24,0.4219706505537033,0.5683665573596954,-0.9580338895320892,0.6745411157608032,0.9284257888793945,-0.5011495351791382,0.1709156334400177,0.9129770994186401,-0.5585517883300781,0.4368216395378113,0.31393563747406006,0.1704290807247162,0.4185340404510498,0.2529982626438141,0.1966714859008789,0.3730718493461609,0.44888967275619507,-0.0018057150300592184,135.90409638500273,38.27202060960898,0.001021653413772583,0.09730428457260132,42.31061322348459,19.721693719785858,8.55131505905328,0.4011467400578855,0,0,0
2024-11-08 15:40:24,0.4231538027524948,0.5674658417701721,-0.9107462465763092,0.6746981143951416,0.9257069826126099,-0.4721081256866455,0.16998830437660217,0.9124166369438171,-0.5490956902503967,0.4271962642669678,0.3277827799320221,-0.05483882874250412,0.41017264127731323,0.25861436128616333,-0.04524001106619835,0.36121851205825806,0.4609120786190033,-0.007053273729979992,133.77914736524292,35.34866421672083,0.0005964040756225586,0.09220845624804497,46.67846607310432,22.593477877898426,14.227880827500218,0.3921809012986248,0,0,0
2024-11-08 15:40:25,0.42212726175785065,0.5646442174911499,-0.8911643624305725,0.6768912076950073,0.9276407361030579,-0.4955480992794037,0.16203008592128754,0.9137842059135437,-0.5551055073738098,0.4219113886356354,0.3232380151748657,-0.07647497951984406,0.40623822808265686,0.257813960313797,-0.07057707011699677,0.3551866412162781,0.46445539593696594,-0.017928259447216988,129.78240789470374,35.89414955301761,9.194016456604004e-05,0.08090129122138023,56.370321810245514,15.907071946550007,8.861432633306084,0.41062359050296615,0,0,0
2024-11-08 15:40:26,0.4225032180547714,0.5625255703926086,-0.879641205072403,0.6723505258560181,0.9267154932022095,-0.468791663646698,0.15942712128162384,0.9137199521064758,-0.5542470216751099,0.4227766990661621,0.3175613582134247,0.07728472352027893,0.4119172692298889,0.25627079606056213,0.08618225157260895,0.3568864166736603,0.4635958969593048,0.0011457933578640223,138.93597410221355,33.38177618465583,6.955862045288086e-05,0.0818164087831974,55.585935328687945,33.74681137378731,25.590798453120424,0.4130309310158947,0,0,0
2024-11-08 15:40:26,0.4243060201406479,0.5637647211551666,-0.8800544738769531,0.6741843819618225,0.9277839064598083,-0.4798007905483246,0.16128408908843994,0.9137169718742371,-0.5343092679977417,0.4197539687156677,0.3211269676685333,-0.029447952285408974,0.4140503406524658,0.25434592366218567,-0.02870389260351658,0.3504725694656372,0.4696701765060425,-0.011256149969995022,142.23405746260306,33.09253497371057,0.006552368402481079,0.08057147264480591,56.653023447309224,38.94261050022315,30.043354451333975,0.4186712945865896,0,0,0
2024-11-08 15:40:27,0.42559143900871277,0.5621999502182007,-0.9284932315349579,0.6769269108772278,0.9296357035636902,-0.5248348712921143,0.16425368189811707,0.9137493968009949,-0.5752195119857788,0.4208722710609436,0.2769690752029419,0.16781069338321686,0.40383249521255493,0.22386156022548676,0.1665385365486145,0.387253999710083,0.4105614125728607,0.02100653387606144,126.16030991945264,32.43459124447504,0.005860775709152222,0.08265307918190956,54.868789272648954,17.755251398283626,14.027537056430255,0.39391198460290017,0,0,0
2024-11-08 15:40:27,0.4268505275249481,0.5607077181339264,-0.9462651312351227,0.6773005723953247,0.9300647377967834,-0.5303266644477844,0.16500712931156158,0.9137703776359558,-0.5923353433609009,0.4141536355018616,0.3199048638343811,0.005851245019584894,0.40845704078674316,0.2477448284626007,0.014480890706181526,0.36268889904022217,0.4587323069572449,-0.020503830164670944,140.1995561892408,29.627305501823383,0.006540507078170776,0.08030355721712112,56.88266524246761,43.02476766129037,37.05749706542592,0.40730601275567146,0,0,0
2024-11-08 15:40:28,0.4272412955760956,0.5612443685531616,-0.9346393942832947,0.6794230341911316,0.9302272200584412,-0.5041759610176086,0.16380833089351654,0.9145364165306091,-0.59364914894104,0.4160589277744293,0.31405794620513916,0.14777876436710358,0.40181976556777954,0.2560981810092926,0.19729505479335785,0.3606882691383362,0.455434113740921,-0.016037143766880035,139.7191575282125,34.21762968411758,0.003041177988052368,0.08946618810296059,49.02898162603379,33.171561171262326,23.895509871355205,0.4127682487823804,0,0,0
2024-11-08 15:40:29,0.4269160181283951,0.5625171661376953,-0.8917612433433533,0.6817739009857178,0.9281979203224182,-0.4993409216403961,0.16521669924259186,0.9146776795387268,-0.5038993954658508,0.4164152145385742,0.3139555752277374,0.0670195072889328,0.3964802920818329,0.2528325319290161,0.0607294924557209,0.3593702018260956,0.46173256635665894,0.0008080718107521534,130.97157060999587,30.196509197941907,0.0022302865982055664,0.08650578185915947,51.56647269214903,28.96718045811039,25.123026777757808,0.39981532602112674,0,0,0
2024-11-08 15:40:29,0.427055686712265,0.5657346248626709,-0.9342947006225586,0.6821712851524353,0.9313440322875977,-0.5090574026107788,0.16503049433231354,0.9152930378913879,-0.5490745306015015,0.42052802443504333,0.32238057255744934,0.0335531011223793,0.4087746739387512,0.2547719180583954,0.031606435775756836,0.3618205785751343,0.4710952043533325,0.008263638243079185,136.68532859958432,30.192819097556676,0.003400444984436035,0.09332554042339325,45.72096535137722,36.97382184430471,31.12572546696049,0.3926631737613406,0,0,0
2024-11-08 15:40:30,0.42751067876815796,0.5662283897399902,-0.9003624320030212,0.6789348125457764,0.933124840259552,-0.4568410813808441,0.16876456141471863,0.9150891900062561,-0.5242370367050171,0.35114333033561707,0.3068987727165222,0.3511221408843994,0.3576706051826477,0.2595497965812683,0.34623128175735474,0.35617777705192566,0.4592024087905884,0.043901290744543076,138.05723243811454,39.9339326543615,0.002481788396835327,0.09422630071640015,44.94888510022845,19.412260104637355,6.619912858640084,0.4591633001784356,0,0,0
2024-11-08 15:40:31,0.42694053053855896,0.5660088062286377,-0.8823843002319336,0.676978349685669,0.9336695075035095,-0.451937735080719,0.1702682226896286,0.9135327935218811,-0.5072150230407715,0.37210318446159363,0.3008745610713959,0.404575914144516,0.363028347492218,0.25457802414894104,0.408620685338974,0.3692368268966675,0.4460641145706177,0.03609544038772583,135.75072674560832,43.16192271900316,0.002826690673828125,0.09042738378047943,48.20509961673192,9.727172005845325,-4.362406183002678,0.4815301481059647,0,0,0
2024-11-08 15:40:31,0.4267645329236984,0.5661266446113586,-0.8893547654151917,0.674517810344696,0.9258537292480469,-0.43830594420433044,0.1708606779575348,0.9145914316177368,-0.5287078022956848,0.37026625871658325,0.2987709939479828,0.3403055965900421,0.37106746435165405,0.2473171055316925,0.36958086490631104,0.36197370290756226,0.4541150629520416,0.006701177451759577,144.839760202016,42.933041940516546,0.0009166300296783447,0.09056254103779793,48.08925053903035,22.909580401789317,6.240086907791662,0.47441322910532463,0,0,0
2024-11-08 15:40:32,0.42679059505462646,0.5662527680397034,-0.9649308919906616,0.6743203997612,0.9256395697593689,-0.4848899245262146,0.16624626517295837,0.9176214933395386,-0.634612500667572,0.36335328221321106,0.29781147837638855,0.2401319444179535,0.36790043115615845,0.2496534287929535,0.21726849675178528,0.3531295657157898,0.47657081484794617,0.03881409764289856,141.2259299835546,27.992126392027696,0.005719512701034546,0.09053659811615944,48.1114873290062,47.73204919292105,42.108426969619856,0.447483916199973,0,0,0
2024-11-08 15:40:33,0.42742814123630524,0.5668478012084961,-0.8835211098194122,0.674741268157959,0.9287097454071045,-0.4361701011657715,0.16656994819641113,0.9199385046958923,-0.5620208978652954,0.38118982315063477,0.2876197099685669,0.24831625819206238,0.3743545413017273,0.2429450899362564,0.23453573882579803,0.3744511306285858,0.4078860282897949,0.03739223629236221,126.34416876729942,40.15765750733651,0.0037941336631774902,0.08590540662407875,52.081080036503934,2.5665212595461675,-6.504447040376132,0.3536435231176065,0,0,0
2024-11-08 15:40:33,0.4275149405002594,0.5675889551639557,-0.8596932888031006,0.6706348657608032,0.9299722909927368,-0.42089495062828064,0.16620858013629913,0.9209372997283936,-0.514785885810852,0.35809582471847534,0.27279719710350037,0.17352214455604553,0.3639272153377533,0.2379133403301239,0.16359183192253113,0.35247382521629333,0.42155781388282776,0.0244470052421093,140.69385763429267,25.940341811853127,0.00011450052261352539,0.08423721045255661,53.51096246923719,51.09071706430348,47.26454668957546,0.4024110457926091,0,0,0
2024-11-08 15:40:34,0.42872048914432526,0.5678029656410217,-0.9215202331542969,0.6712263226509094,0.9230955243110657,-0.48413389921188354,0.16421255469322205,0.9180092215538025,-0.5490018129348755,0.4015880525112152,0.30269429087638855,0.13159117102622986,0.38101327419281006,0.24998758733272552,0.1222587451338768,0.3764636218547821,0.4452057480812073,0.03957885876297951,133.99456638789442,22.499660856621503,0.0012126266956329346,0.08544718101620674,52.47384484325137,48.59307122980918,49.01861965118909,0.391190798485509,0,0,0
2024-11-08 15:40:35,0.4304406940937042,0.5649632215499878,-0.921677976846695,0.6762340068817139,0.9156869649887085,-0.5240153074264526,0.16411709785461426,0.9142586588859558,-0.569179892539978,0.4101630747318268,0.2977958917617798,0.2917386591434479,0.39509183168411255,0.25035423040390015,0.3244982361793518,0.3785237669944763,0.44820135831832886,0.023784980177879333,141.47489934284783,36.20842170032812,0.003587275743484497,0.07868416607379913,58.270714793886455,31.648015679330726,20.980133815951955,0.4357822561664187,0,0,0
2024-11-08 15:40:35,0.4311765432357788,0.5642457902431488,-0.8844174444675446,0.6761224865913391,0.9096683263778687,-0.5025016069412231,0.1641160249710083,0.9159000515937805,-0.5574163198471069,0.41826051473617554,0.30247896909713745,0.2323424518108368,0.39546141028404236,0.2505594491958618,0.2736830711364746,0.37195461988449097,0.45793917775154114,-0.00327700306661427,137.1923819494347,35.5157667949201,0.0009040534496307373,0.07517518103122711,61.27841625894819,27.037801139368373,18.266829504205305,0.4243677968898973,0,0,0
2024-11-08 15:40:36,0.43105849623680115,0.5645229816436768,-0.8675557971000671,0.675788402557373,0.9146709442138672,-0.4977234899997711,0.16511015594005585,0.9204497933387756,-0.5143600702285767,0.40430814027786255,0.3106311857700348,0.10911772400140762,0.39262157678604126,0.25566741824150085,0.13537351787090302,0.3549477458000183,0.46829164028167725,-0.014183814637362957,139.89127145464815,28.03371242286948,0.00047656893730163574,0.06966939195990562,65.99766403436661,45.78035519076845,41.42371534084601,0.42500765992692363,0,0,0
2024-11-08 15:40:37,0.43115052580833435,0.566359281539917,-0.8595932424068451,0.6721580624580383,0.9166921973228455,-0.5147585868835449,0.16611327230930328,0.9200246930122375,-0.4841381013393402,0.41505250334739685,0.33526772260665894,0.10061661899089813,0.3979265093803406,0.25754299759864807,0.15533925592899323,0.36256083846092224,0.4860353171825409,-0.02558024786412716,141.66160155222244,30.892346058252553,0.0030303001403808594,0.06866220384836197,66.86096812997546,42.5415500566063,35.79122062526997,0.3947027559664411,0,0,0
2024-11-08 15:40:37,0.43132978677749634,0.5662078857421875,-0.8766608238220215,0.6738349199295044,0.9175475835800171,-0.4800371527671814,0.165714293718338,0.9199792742729187,-0.515917956829071,0.42349162697792053,0.3244436979293823,0.10651923716068268,0.4037555754184723,0.26543867588043213,0.14770951867103577,0.3716948628425598,0.47865307331085205,-0.017741745337843895,137.07343402043566,31.050205856535484,0.0028363466262817383,0.0727776288986206,63.33346094403949,35.80239591553895,30.14690151891991,0.3688284765759835,0,0,0
2024-11-08 15:40:38,0.4309869110584259,0.5651922225952148,-0.8833541870117188,0.6729129552841187,0.9155483841896057,-0.4817735552787781,0.16468168795108795,0.915263831615448,-0.4794434905052185,0.4206611216068268,0.31563904881477356,0.13246048986911774,0.4030061662197113,0.25761106610298157,0.20352032780647278,0.36675164103507996,0.47949376702308655,-0.03473114222288132,137.89240520380912,31.776558875073533,0.005013316869735718,0.07332618534564972,62.86326970372882,35.496249535185704,29.087318875847057,0.4015549750461472,0,0,0
2024-11-08 15:40:38,0.4298746585845947,0.5642416775226593,-0.9027841091156006,0.6754608750343323,0.915736973285675,-0.48128724098205566,0.16591665148735046,0.9091899991035461,-0.4985675811767578,0.4020477831363678,0.3400438129901886,0.04978547245264053,0.40273284912109375,0.2774762511253357,0.1335858255624771,0.3504970371723175,0.5200709104537964,-0.0673845186829567,154.53764972676166,25.324035146467917,0.00859186053276062,0.07983507588505745,57.284220669950756,71.70463932453049,64.32486534235426,0.38748064897601026,0,0,0
2024-11-08 15:40:39,0.4295007139444351,0.5638138353824615,-0.9193002581596375,0.6777161359786987,0.9166234135627747,-0.47193747758865356,0.16448286175727844,0.9099029302597046,-0.5545046925544739,0.4171290397644043,0.29469144344329834,0.25339189171791077,0.3915150463581085,0.2452199012041092,0.28317829966545105,0.383441299200058,0.4194433093070984,0.03317347913980484,130.30284823992088,42.81548580004018,0.0013823509216308594,0.08743000775575638,50.77427906649454,2.7930159358088744,-9.302781782869445,0.3913270237176475,0,0,0
2024-11-08 15:40:40,0.4300347566604614,0.5639179944992065,-0.8903281986713409,0.6760981678962708,0.9084226489067078,-0.5255616903305054,0.16695567965507507,0.9083412885665894,-0.5484875440597534,0.3960842192173004,0.30974164605140686,0.07948855310678482,0.39821940660476685,0.2449854016304016,0.06882472336292267,0.355182945728302,0.4510868489742279,0.0010601759422570467,153.52508468246288,23.21646199616214,0.0032123923301696777,0.07858607918024063,58.354789274079465,74.50219456312375,68.8847672913141,0.3828051727355771,0,0,0
2024-11-08 15:40:40,0.430917888879776,0.5644419491291046,-0.8876877129077911,0.6766225099563599,0.9145386815071106,-0.5140185356140137,0.1666942685842514,0.9097888469696045,-0.5053895115852356,0.41801586747169495,0.31405308842658997,0.07991958409547806,0.4100031852722168,0.2540487051010132,0.0889415591955185,0.3628768026828766,0.4565487504005432,0.009994246996939182,137.52575707214493,28.34338168304746,0.005194485187530518,0.07818370684981346,58.69967984301704,41.84929653490798,37.63096561671705,0.3947674650496509,0,0,0
2024-11-08 15:40:41,0.43135784566402435,0.5645081102848053,-0.9241698384284973,0.6769343614578247,0.915499746799469,-0.495330274105072,0.16701868176460266,0.9094085693359375,-0.5294490456581116,0.419912725687027,0.32503947615623474,0.034022387117147446,0.41049832105636597,0.2599293291568756,0.04682203009724617,0.3650380074977875,0.472033828496933,-0.007674428168684244,137.83368898128876,28.632945201337556,0.0066055357456207275,0.08026750758290291,56.913564928940374,41.70127417112915,37.1082155889645,0.39509526098272574,0,0,0
2024-11-08 15:40:41,0.43112097680568695,0.5657350718975067,-0.9754615128040314,0.6782131791114807,0.9167947173118591,-0.5270882844924927,0.16599266231060028,0.9092828035354614,-0.5861863493919373,0.4067363142967224,0.30790647864341736,0.060681652277708054,0.4028799533843994,0.2417495846748352,0.07432302832603455,0.3608782887458801,0.48199552297592163,-0.00526421656832099,154.96631674453502,23.250126324812456,0.005218833684921265,0.08659067749977112,51.49370500019619,76.45259079272412,70.03729680283179,0.40285607834730053,0,0,0
2024-11-08 15:40:42,0.430985227227211,0.5662323832511902,-0.9853809177875519,0.6797637343406677,0.9148434996604919,-0.542258620262146,0.1654873788356781,0.9101881384849548,-0.5914387702941895,0.4125988483428955,0.3200240135192871,0.05287814140319824,0.40622109174728394,0.24503464996814728,0.059960849583148956,0.3617118000984192,0.47970131039619446,-0.011774308048188686,153.12553432214952,25.108625156395874,0.0016658604145050049,0.08647888526320457,51.589526917253224,70.15849773821758,63.061230349838134,0.40296191729198527,0,0,0
2024-11-08 15:40:43,0.4310615211725235,0.5671560168266296,-0.9511851966381073,0.6776904463768005,0.9130203127861023,-0.5054073929786682,0.16417643427848816,0.9114564061164856,-0.5707448720932007,0.4050408899784088,0.33962732553482056,0.06867663562297821,0.40655097365379333,0.2664159834384918,0.11260364204645157,0.35709148645401,0.506705105304718,-0.01714779995381832,160.00002300304632,25.116054818824527,0.0009746253490447998,0.08616843447089195,51.85562759637833,79.76789036235094,70.61663519628684,0.39860241803010105,0,0,0
2024-11-08 15:40:43,0.4396667778491974,0.560208648443222,-0.7216137647628784,0.678260326385498,0.9134473204612732,-0.37098637223243713,0.17712917923927307,0.9064849615097046,-0.382301390171051,0.3282357454299927,0.4605083465576172,-0.35026928782463074,0.3853829503059387,0.3486120104789734,-0.26900631189346313,0.3203091323375702,0.6773850917816162,-0.10991372913122177,120.42788264400318,33.470443930422284,0.011186361312866211,0.06993117742240429,65.77327649508204,7.658147840759875,5.504817585364832,0.39750787370765334,0,0,0
2024-11-08 15:40:44,0.439849853515625,0.5561385452747345,-0.748522937297821,0.6782113313674927,0.9143385291099548,-0.4192427098751068,0.1775892972946167,0.9073168635368347,-0.39116787910461426,0.3294343948364258,0.45350930094718933,-0.21717488765716553,0.37620994448661804,0.3797823488712311,-0.13677136600017548,0.3177293837070465,0.6882369518280029,-0.10183499753475189,132.2828846614955,16.719533700476305,0.009552061557769775,0.06902755051851273,66.5478138412748,57.75697112514109,63.25314061843864,0.38482261322640743,0,0,0
2024-11-08 15:40:44,0.4462520182132721,0.5530323386192322,-0.666709840297699,0.6825243830680847,0.9130438566207886,-0.3775348365306854,0.18998876214027405,0.9040049910545349,-0.3746829032897949,0.32599732279777527,0.44477537274360657,-0.2004893571138382,0.3765801191329956,0.38268864154815674,-0.1175420880317688,0.3147984445095062,0.6785358786582947,-0.09985677152872086,130.17948264385691,14.411545760793635,0.008811205625534058,0.062285078689455986,72.32707540903772,57.07436722298695,64.24457337414418,0.3885747532475504,0,0,0
2024-11-08 15:40:45,0.4478677213191986,0.5528156459331512,-0.7231228053569794,0.6829870343208313,0.9122570753097534,-0.4311886727809906,0.19075891375541687,0.9031678438186646,-0.39394691586494446,0.3159183859825134,0.42671388387680054,-0.1616521179676056,0.3661564290523529,0.37334299087524414,-0.08034791052341461,0.310779869556427,0.674004852771759,-0.09618203341960907,132.09913223752443,10.331772569159224,0.010873287916183472,0.05972801893949509,74.51884090900421,51.60233027085265,55.586381024485014,0.40525494260259054,0,0,0
2024-11-08 15:40:46,0.44888196885585785,0.5524720251560211,-0.7635990977287292,0.6849889755249023,0.9144251346588135,-0.4205722212791443,0.18779848515987396,0.9032608270645142,-0.39791253209114075,0.3193146586418152,0.4330863058567047,-0.20825648307800293,0.3725303113460541,0.36277297139167786,-0.1265857219696045,0.3135003447532654,0.682282030582428,-0.09687142074108124,134.16273876967824,13.632936191073714,0.011976450681686401,0.06559828668832779,69.48718283857619,61.09370665969696,66.40786829810479,0.40670215143254856,0,0,0
2024-11-08 15:40:46,0.44660980999469757,0.5524177253246307,-0.7942211031913757,0.686949610710144,0.9207239151000977,-0.45714154839515686,0.1798343062400818,0.9083725810050964,-0.4608127176761627,0.35259371995925903,0.320002943277359,0.07486116886138916,0.3463548421859741,0.26607534289360046,0.0794270783662796,0.3589864671230316,0.49234744906425476,-0.008266775868833065,165.93864129808253,11.205025850035275,0.006654798984527588,0.0682402066886425,67.22267998116357,92.41005170007055,88.24120293248558,0.39881438307137423,0,0,0
2024-11-08 15:40:47,0.4460051357746124,0.5512942373752594,-0.7872057855129242,0.6851041316986084,0.9267723560333252,-0.44015201926231384,0.17795208096504211,0.9104546308517456,-0.47864627838134766,0.3604542911052704,0.3722872734069824,0.0474911592900753,0.35985711216926575,0.32385629415512085,0.15298070013523102,0.35177329182624817,0.5416847467422485,-0.08004847913980484,164.34719344829628,19.411213943609106,0.0071218907833099365,0.07617146149277687,60.42446157761982,91.17757211278179,86.25798589592337,0.3748506949161941,0,0,0
2024-11-08 15:40:48,0.44344858825206757,0.5513436496257782,-0.8015354573726654,0.6798369288444519,0.9206249713897705,-0.4264332354068756,0.17587332427501678,0.9092122316360474,-0.47351330518722534,0.37229910492897034,0.4042357802391052,0.026969123631715775,0.3675171136856079,0.33612507581710815,0.06418373435735703,0.34928053617477417,0.5676171183586121,-0.03776303306221962,163.79713301470971,16.083509133910173,0.006415694952011108,0.07590866833925247,60.649712852069314,97.83298173217966,95.14312795217634,0.33593291987705204,0,0,0
2024-11-08 15:40:49,0.4430239498615265,0.5513310730457306,-0.7518301010131836,0.678510308265686,0.9178060293197632,-0.4048334062099457,0.17613819241523743,0.908427357673645,-0.4456842839717865,0.35159608721733093,0.31417667865753174,0.1880594789981842,0.349501371383667,0.2608230412006378,0.1779281497001648,0.3546798527240753,0.48555681109428406,0.005335252266377211,146.33016438766583,24.06229571803424,0.0011142492294311523,0.07014183700084686,65.59271114213126,62.73763870666369,59.076694468781014,0.41151224540697123,0,0,0
2024-11-08 15:40:51,0.43689335882663727,0.5499885380268097,-0.7305203974246979,0.6779001951217651,0.913565456867218,-0.41287606954574585,0.17686773836612701,0.9078565835952759,-0.40349578857421875,0.3590400218963623,0.3423437476158142,0.1075412780046463,0.3346586227416992,0.2907240688800812,0.16404294967651367,0.3609178960323334,0.5016739964485168,-0.0329589806497097,154.7746084439272,22.073736530450578,0.0044800639152526855,0.06753338500857353,67.82852713550841,78.53697876059692,73.78019823056047,0.4014105637973969,0,0,0
2024-11-08 15:40:53,0.4312102496623993,0.5531351864337921,-0.7690399885177612,0.6702138781547546,0.9147440791130066,-0.418916791677475,0.1726854145526886,0.9088876843452454,-0.41365236043930054,0.34564581513404846,0.29926902055740356,0.2929943799972534,0.3496566414833069,0.2489824742078781,0.2940566837787628,0.35677623748779297,0.4712972342967987,0.02619001641869545,146.19467819867134,31.735690185602106,0.0077069103717803955,0.07345901802182198,62.749413124152596,47.201169106935666,38.3231095131405,0.44514053012528093,0,0,0
2024-11-08 15:40:55,0.4307728260755539,0.5541049838066101,-0.8402115404605865,0.6718467473983765,0.9150478839874268,-0.46105271577835083,0.17585429549217224,0.9081697463989258,-0.4769566059112549,0.3204866945743561,0.44675642251968384,-0.2803581655025482,0.3662293553352356,0.36037012934684753,-0.2250330150127411,0.32074782252311707,0.6635355353355408,-0.08961509168148041,133.95110945933536,26.80326224020385,0.007017225027084351,0.0766083300113678,60.05000284739903,39.9250287626618,37.87335457376191,0.4010242340331456,0,0,0
2024-11-08 15:40:56,0.4320250451564789,0.5537082254886627,-0.8603224158287048,0.6739000678062439,0.9217690229415894,-0.5008730888366699,0.17394456267356873,0.9116945862770081,-0.49866804480552673,0.3590744137763977,0.4182693660259247,0.014379208907485008,0.3646901845932007,0.3602743446826935,0.12467388063669205,0.3460463881492615,0.5823699831962585,-0.08489809185266495,160.50780831373464,17.16184036054757,0.005872637033462524,0.07329323142766953,62.89151591914042,95.67631927890486,92.37966816783018,0.3219739242271662,0,0,0
2024-11-08 15:40:57,0.4320352077484131,0.5531144738197327,-0.7549727261066437,0.6721965074539185,0.9100582003593445,-0.436472088098526,0.1756400316953659,0.9093294739723206,-0.42629098892211914,0.35898423194885254,0.333281934261322,0.21938851475715637,0.3526345193386078,0.2830626666545868,0.2741135358810425,0.35758429765701294,0.5005375146865845,-0.01890404336154461,167.05238578952478,29.71266745774553,0.004896640777587891,0.06862737610936165,66.89082047769001,70.57466508450894,59.11076113656309,0.40819548477102696,0,0,0
2024-11-08 15:40:58,0.43213801085948944,0.5524817109107971,-0.7520916759967804,0.675138533115387,0.9096182584762573,-0.4161110818386078,0.17621353268623352,0.9085230231285095,-0.4000368118286133,0.35354331135749817,0.3102121949195862,0.1976604163646698,0.35149550437927246,0.2510225176811218,0.21699292957782745,0.3553611636161804,0.4786422848701477,-0.0021708887070417404,161.1411316763191,25.216369344859764,0.006208896636962891,0.06791917607188225,67.49784908124379,79.56726131028047,71.13124086776949,0.4050247946291009,0,0,0
2024-11-08 15:41:00,0.43203070759773254,0.5507271587848663,-0.7511478066444397,0.6716043949127197,0.9088096022605896,-0.4000706076622009,0.17437241971492767,0.9059284925460815,-0.4632977843284607,0.36619216203689575,0.35386350750923157,0.3178159296512604,0.35263392329216003,0.31521570682525635,0.407802015542984,0.36347904801368713,0.49250558018684387,-0.017024599015712738,159.4838770767425,43.966298765792786,0.001043170690536499,0.07513639330863953,61.31166287830898,41.34483037585392,20.254384552884755,0.38279602846907174,0,0,0
2024-11-08 15:41:01,0.4303843230009079,0.550295889377594,-0.7979376912117004,0.6736291646957397,0.9106203317642212,-0.47670549154281616,0.1727047860622406,0.9070330858230591,-0.44844913482666016,0.32894787192344666,0.30814889073371887,0.2651403248310089,0.3431665301322937,0.2591977119445801,0.2675497829914093,0.3310093581676483,0.44614455103874207,0.019742803648114204,146.53472505360298,33.324839891469075,0.0036861002445220947,0.07488707825541496,61.52536149535861,44.498935292106026,34.39822592314702,0.410810080471111,0,0,0
2024-11-08 15:41:02,0.4316033273935318,0.5472745895385742,-0.8261524140834808,0.6800483465194702,0.9131156206130981,-0.4613487720489502,0.1717761754989624,0.9095459580421448,-0.49946409463882446,0.34963375329971313,0.32690832018852234,0.3040890395641327,0.34386521577835083,0.2797645330429077,0.3594436049461365,0.34766721725463867,0.4795245826244354,-0.027334999293088913,156.30023857140597,38.927976427900894,0.0022352635860443115,0.07296458631753922,63.17321172782353,46.964381144166566,30.280985873868687,0.42447170284321784,0,0,0
2024-11-08 15:41:02,0.4329385608434677,0.547245442867279,-0.7629430592060089,0.6786455512046814,0.9139541983604431,-0.4170684814453125,0.17395088076591492,0.90969318151474,-0.4688301980495453,0.3594616949558258,0.45810073614120483,-0.2556179463863373,0.38045379519462585,0.36761993169784546,-0.1940578669309616,0.333037793636322,0.6710670590400696,-0.08938892930746078,141.21304489843428,24.091583562545786,0.0012170672416687012,0.06822237372398376,67.23796537944249,55.51509573271642,53.4520248237944,0.3721652714634017,0,0,0
2024-11-08 15:41:03,0.4448181092739105,0.5398830771446228,-0.7293751537799835,0.6757052540779114,0.9079110622406006,-0.43118372559547424,0.18221795558929443,0.8992828726768494,-0.41631555557250977,0.33457955718040466,0.4404389262199402,-0.21082839369773865,0.3878207802772522,0.3388426899909973,-0.11968375742435455,0.320103257894516,0.6971601843833923,-0.10015621036291122,137.47375516258015,13.601329641649993,0.007389843463897705,0.057548124343156815,76.38732199157988,65.6659165109122,70.31070915615048,0.41872764441146454,0,0,0
2024-11-08 15:41:03,0.4529205411672592,0.5389404892921448,-0.7776839137077332,0.6783994436264038,0.9115793704986572,-0.39655810594558716,0.18333888053894043,0.8958721160888672,-0.46960291266441345,0.3523149788379669,0.44306474924087524,-0.2437831461429596,0.3968336880207062,0.333158940076828,-0.14604581892490387,0.3224889039993286,0.7116930484771729,-0.10334116220474243,142.04647270790915,19.39932697170114,0.01204940676689148,0.07293456420302391,63.19894496883665,66.06640784767052,66.67952863593885,0.4216181444249352,0,0,0
2024-11-08 15:41:04,0.4531393051147461,0.5396552681922913,-0.7956806421279907,0.6825617551803589,0.9186270833015442,-0.4328309893608093,0.18033729493618011,0.899861752986908,-0.4917674660682678,0.3491850197315216,0.4400371015071869,-0.2695480287075043,0.401092529296875,0.32536065578460693,-0.18969909846782684,0.33327531814575195,0.7321546673774719,-0.1055893525481224,141.20953612472334,20.12799778787114,0.007847875356674194,0.0769927129149437,59.72053178719112,63.4373549988704,63.641855558898854,0.4384549999867292,0,0,0
2024-11-08 15:41:04,0.4461335837841034,0.5395132601261139,-0.7489097416400909,0.684081494808197,0.9173974990844727,-0.41332873702049255,0.17689596116542816,0.8976843357086182,-0.4598880410194397,0.34686046838760376,0.4393199384212494,-0.26100805401802063,0.3925320506095886,0.32564181089401245,-0.18848320841789246,0.3256841003894806,0.7305548787117004,-0.10779894888401031,141.26516363693293,19.04332859817421,0.007622033357620239,0.07352923601865768,62.689226269721985,65.68457189535768,66.74393171898109,0.43729362855049364,0,0,0
2024-11-08 15:41:05,0.44198504090309143,0.5410284698009491,-0.7219631671905518,0.6828588843345642,0.9140047430992126,-0.36071547865867615,0.17669633030891418,0.8987582921981812,-0.43696078658103943,0.34275978803634644,0.4307248890399933,-0.25546520948410034,0.4016348421573639,0.338166743516922,-0.17072507739067078,0.3224990665912628,0.7258838415145874,-0.11837135255336761,141.32299530343798,17.04363535406202,0.00568157434463501,0.0671086236834526,68.19260827132634,69.76492271668913,72.41523096984938,0.4382497420669332,0,0,0
2024-11-08 15:41:06,0.4408516138792038,0.5419423878192902,-0.7862271368503571,0.683047354221344,0.9202548265457153,-0.42266321182250977,0.17207324504852295,0.9027525782585144,-0.4983472228050232,0.35647115111351013,0.43593910336494446,-0.28288137912750244,0.40504080057144165,0.3257634937763214,-0.20629329979419708,0.32076844573020935,0.7351052165031433,-0.11360333859920502,141.2351911828344,20.840416146616224,0.0027941465377807617,0.07617508992552757,60.42135149240494,62.04843536273572,61.80533481809482,0.4391439230307287,0,0,0
2024-11-08 15:41:06,0.4404018819332123,0.5417587161064148,-0.7906773686408997,0.6858066916465759,0.9235680103302002,-0.4194071888923645,0.16840912401676178,0.907757043838501,-0.5227197408676147,0.33964961767196655,0.4308963119983673,-0.28848323225975037,0.4043769836425781,0.3234557509422302,-0.20530319213867188,0.31526318192481995,0.7354631423950195,-0.11848495900630951,139.12702406243193,20.157682669890583,0.000295788049697876,0.07613718882203102,60.45383815254484,60.46246834762354,61.30859792326081,0.4386125209292408,0,0,0
2024-11-08 15:41:07,0.4398740828037262,0.5403305292129517,-0.7623471617698669,0.6870041489601135,0.9199062585830688,-0.4105595052242279,0.170089453458786,0.9070996642112732,-0.4859170913696289,0.3439079821109772,0.4308878183364868,-0.30470019578933716,0.40364012122154236,0.3235282897949219,-0.22612015902996063,0.3142038881778717,0.7366557717323303,-0.1162610799074173,137.94486953393087,21.448268446735263,0.0029580295085906982,0.07645313441753387,60.18302764211383,56.2262804540327,56.55312534480228,0.4378077253640984,0,0,0
2024-11-08 15:41:07,0.4394720196723938,0.5404200255870819,-0.7424430251121521,0.6858471632003784,0.9143820405006409,-0.39242008328437805,0.1749267280101776,0.9065691828727722,-0.4598011374473572,0.33955371379852295,0.4312974214553833,-0.30804330110549927,0.40361618995666504,0.32367855310440063,-0.22590263187885284,0.3120134770870209,0.7382643818855286,-0.11935664713382721,137.72078786391432,21.607824342088595,0.0032362043857574463,0.0730884000658989,63.067085657800945,55.593454325302865,56.02535602095955,0.43524556311822077,0,0,0
2024-11-08 15:41:08,0.4390150308609009,0.5411430597305298,-0.7750601172447205,0.6838971972465515,0.9135192632675171,-0.4063204824924469,0.17534098029136658,0.9074394702911377,-0.49470871686935425,0.3408641219139099,0.4317508339881897,-0.31527259945869446,0.40351587533950806,0.324436217546463,-0.23065713047981262,0.311872661113739,0.7378669381141663,-0.12272347509860992,137.2065969283701,21.70544071215607,0.0037736594676971436,0.07324650138616562,62.93157024042948,54.678354275405994,55.19265990081238,0.4353430665491559,0,0,0
2024-11-08 15:41:09,0.43822887539863586,0.5425131320953369,-0.720643013715744,0.6810994148254395,0.9109553098678589,-0.3382631540298462,0.17254817485809326,0.9077898263931274,-0.466999351978302,0.34351909160614014,0.43205690383911133,-0.3113652467727661,0.40452465415000916,0.3254789113998413,-0.22788222134113312,0.319636732339859,0.7328692078590393,-0.1233225092291832,136.6227648686217,21.563394277920455,0.0056420862674713135,0.07942041754722595,57.639642102377756,54.14508226022945,54.66463871948152,0.43258248030722773,0,0,0
2024-11-08 15:41:09,0.437620148062706,0.5434730648994446,-0.7457820475101471,0.6803271770477295,0.913541853427887,-0.3605597913265228,0.1685352921485901,0.9075530171394348,-0.4788547456264496,0.3419230580329895,0.4320175349712372,-0.3149336278438568,0.4039381146430969,0.32546135783195496,-0.2307955026626587,0.3146011233329773,0.7330704927444458,-0.12437808513641357,136.42330532379881,21.509283790528436,0.0030081868171691895,0.07309150323271751,63.06442580052784,53.97405987226146,54.86076703812926,0.43209711761655806,0,0,0
2024-11-08 15:41:10,0.4367902874946594,0.5435248613357544,-0.7959049940109253,0.6782066822052002,0.9151209592819214,-0.4093756079673767,0.1656525433063507,0.9088007211685181,-0.49268627166748047,0.3404589295387268,0.4318375289440155,-0.320321261882782,0.4040701389312744,0.325484961271286,-0.23463885486125946,0.3142678141593933,0.7337409257888794,-0.12648658454418182,136.11694951154968,21.25590714947636,0.0059767067432403564,0.0787571519613266,58.20815546172007,54.05191501721682,54.95663317052035,0.43299127526114545,0,0,0
2024-11-08 15:41:10,0.4361960291862488,0.5433242619037628,-0.7936739325523376,0.6781961917877197,0.9148677587509155,-0.41233906149864197,0.16584095358848572,0.9090738892555237,-0.48176488280296326,0.34074094891548157,0.43312352895736694,-0.3245672285556793,0.4041723608970642,0.32531917095184326,-0.238256573677063,0.3136080205440521,0.7368488907814026,-0.12678122520446777,136.68112468868338,21.350403571678854,0.007217079401016235,0.07994932308793068,57.18629449605942,54.65276742079904,55.27414235787775,0.4330854460462151,0,0,0
2024-11-08 15:41:11,0.4357360601425171,0.5433737933635712,-0.7999341785907745,0.6784512400627136,0.9145419597625732,-0.40840429067611694,0.1670430302619934,0.9093342423439026,-0.49676209688186646,0.34260228276252747,0.43542248010635376,-0.32283490896224976,0.4029787480831146,0.32523852586746216,-0.24230094254016876,0.31340914964675903,0.7388982176780701,-0.12255392968654633,137.49474684780222,21.492048041735135,0.005846858024597168,0.08104439079761505,56.24766503061567,55.50854950345284,55.74447667281954,0.4331796247283396,0,0,0
2024-11-08 15:41:11,0.43562062084674835,0.5455997586250305,-0.7533901035785675,0.6775320172309875,0.9137296080589294,-0.3973308503627777,0.16862347722053528,0.9073417782783508,-0.4312097132205963,0.3469506800174713,0.4360041618347168,-0.3060562014579773,0.40483537316322327,0.3271220922470093,-0.2275969535112381,0.3270472586154938,0.7258448004722595,-0.11621390283107758,137.45514792272328,21.071663500813074,0.0019084513187408447,0.07317807897925377,62.99021801778248,56.29388009018645,57.159070947049884,0.43108695498844174,0,0,0
2024-11-08 15:41:12,0.43523289263248444,0.5485210716724396,-0.8644302487373352,0.6781009435653687,0.914603590965271,-0.45297202467918396,0.1671253889799118,0.9095173478126526,-0.5289424657821655,0.34763747453689575,0.43607550859451294,-0.3089182376861572,0.4032978415489197,0.3276691138744354,-0.22973139584064484,0.3317074179649353,0.7315830588340759,-0.11645884811878204,137.92906028427504,21.082561704443805,0.0027138590812683105,0.08200091496109962,55.427787176200326,56.93556098909744,57.27319112632908,0.4331458637822382,0,0,0
2024-11-08 15:41:13,0.43445372581481934,0.5484477579593658,-0.7768426537513733,0.67718106508255,0.9164311289787292,-0.4006160795688629,0.16456961631774902,0.9094276428222656,-0.4865580201148987,0.3525153696537018,0.4385841190814972,-0.30759620666503906,0.40391111373901367,0.32976168394088745,-0.2274141013622284,0.33777835965156555,0.7355977296829224,-0.11699198186397552,137.84214693506473,20.952346361725237,0.0030841827392578125,0.07718829438090324,59.552890530654366,57.07431298564015,57.731082523836626,0.43288332999434437,0,0,0
2024-11-08 15:41:13,0.434428334236145,0.5474314987659454,-0.8036933243274689,0.6793500185012817,0.9172552824020386,-0.41394758224487305,0.1627519130706787,0.909293532371521,-0.501807689666748,0.35864144563674927,0.44291552901268005,-0.2988981604576111,0.407208114862442,0.3311510682106018,-0.22299642860889435,0.3411661982536316,0.7371207475662231,-0.11102917045354843,138.52805579627702,22.03962417754896,0.004782736301422119,0.07974928990006447,57.35775151423046,55.86002975968991,55.47641781148569,0.42759505548176874,0,0,0
2024-11-08 15:41:14,0.4339267164468765,0.5482816696166992,-0.7582958042621613,0.6802909970283508,0.9183207154273987,-0.3694724440574646,0.16281406581401825,0.9098846912384033,-0.46988072991371155,0.3576890230178833,0.44261014461517334,-0.29112184047698975,0.41176682710647583,0.33112847805023193,-0.21508201956748962,0.33651354908943176,0.7367212772369385,-0.10994229465723038,138.39289508412145,21.49930369610571,0.002882540225982666,0.07706079632043839,59.662174582481384,56.75144572555861,56.883816798709105,0.42634523324953294,0,0,0
2024-11-08 15:41:14,0.43394966423511505,0.547355443239212,-0.7550411224365234,0.6816526055335999,0.9225330948829651,-0.37548428773880005,0.16289402544498444,0.9096680879592896,-0.46387654542922974,0.35680168867111206,0.44220036268234253,-0.2892076373100281,0.412550687789917,0.33114707469940186,-0.20998065173625946,0.3312908113002777,0.7367416024208069,-0.11041557788848877,138.37881823893338,21.556847092937517,0.00045183300971984863,0.07903988286852837,57.96581468411854,56.616651348631706,56.63006521586594,0.4250086913058787,0,0,0
2024-11-08 15:41:15,0.4343675673007965,0.5463463664054871,-0.8156538605690002,0.6841455698013306,0.9259169101715088,-0.42217493057250977,0.16257432103157043,0.9107770919799805,-0.5192004442214966,0.3503013551235199,0.438617080450058,-0.2905047535896301,0.41188937425613403,0.33050665259361267,-0.20865337550640106,0.3162735104560852,0.738229513168335,-0.11684749275445938,138.12243024746874,20.09805869176556,0.0011469721794128418,0.08118131756782532,56.130299227578305,59.175284962925126,60.14636505555304,0.4253726647388697,0,0,0
2024-11-08 15:41:16,0.4342767298221588,0.5404731035232544,-0.8570252358913422,0.6903080344200134,0.9252977967262268,-0.4719075560569763,0.1655389964580536,0.9112703204154968,-0.5438454747200012,0.3511386215686798,0.4391006529331207,-0.30350780487060547,0.41155633330345154,0.33053427934646606,-0.21559834480285645,0.3165535628795624,0.7396897077560425,-0.11780035495758057,137.9565778537039,21.784464042882117,0.005127310752868652,0.08171115815639496,55.676150151661474,55.570280909421214,55.44413903230504,0.4256210940702183,0,0,0
2024-11-08 15:41:16,0.4337044954299927,0.5406506955623627,-0.8715710043907166,0.691618025302887,0.9283889532089233,-0.48973941802978516,0.16557854413986206,0.911543071269989,-0.5374847650527954,0.3497815728187561,0.43884238600730896,-0.3043006956577301,0.41073140501976013,0.33096030354499817,-0.21448495984077454,0.31339651346206665,0.7397330403327942,-0.12189245223999023,137.51480261124203,21.69550744080994,0.0024087727069854736,0.08440379053354263,53.368179542677744,55.12970877411897,55.080005340673615,0.42656313081883546,0,0,0
2024-11-08 15:41:17,0.4325495660305023,0.5441985428333282,-0.8804639279842377,0.6910950541496277,0.9250000715255737,-0.46234774589538574,0.16478893160820007,0.9135282635688782,-0.5727562308311462,0.3497081398963928,0.43912646174430847,-0.3035864531993866,0.40812164545059204,0.3313482999801636,-0.21253147721290588,0.31388622522354126,0.7430827617645264,-0.12153264135122299,138.03563381744263,21.84362934511196,0.007071942090988159,0.08607368171215057,51.936844246728086,55.56262865419576,55.186361157891405,0.4271737241196722,0,0,0
2024-11-08 15:41:17,0.43092040717601776,0.5436778664588928,-0.8347901701927185,0.6893445253372192,0.9220479130744934,-0.44103559851646423,0.16475734114646912,0.9133764505386353,-0.5570064783096313,0.3490033447742462,0.4389134347438812,-0.31157219409942627,0.406515508890152,0.3315095603466034,-0.22075407207012177,0.3139756917953491,0.7442508339881897,-0.12179495394229889,138.21590035579595,22.310009486914097,0.0071146488189697266,0.0768355056643486,59.85528085912977,54.88224152428614,54.536895802561105,0.42805621134914784,0,0,0
2024-11-08 15:41:18,0.4299333095550537,0.5433083176612854,-0.8791563510894775,0.6882382035255432,0.9200259447097778,-0.4874652922153473,0.1619669795036316,0.9111484289169312,-0.5687170624732971,0.34669047594070435,0.4366268813610077,-0.3058132529258728,0.4050210118293762,0.3290705680847168,-0.21373417973518372,0.313759982585907,0.7440989017486572,-0.1210676059126854,137.98278310142754,21.86657693852372,0.006262063980102539,0.0782109908759594,58.67629353489195,55.44274246495112,55.40400425225164,0.43005505727681265,0,0,0
2024-11-08 15:41:18,0.429482638835907,0.5432993471622467,-0.7946972250938416,0.6868399381637573,0.9164526462554932,-0.39294883608818054,0.16362258791923523,0.9067142605781555,-0.49708670377731323,0.3445664346218109,0.43654733896255493,-0.3026309907436371,0.40751805901527405,0.3273219168186188,-0.21136340498924255,0.31130796670913696,0.7433117628097534,-0.12051065266132355,137.17310630091498,21.070125821992256,0.003460139036178589,0.07875141501426697,58.21307284491404,55.902097177296454,56.61406838127282,0.4295440675310233,0,0,0
2024-11-08 15:41:19,0.42903783917427063,0.5433345437049866,-0.8318667709827423,0.6840507388114929,0.9192274212837219,-0.41762715578079224,0.16079625487327576,0.9092187285423279,-0.5474697351455688,0.3504597246646881,0.4362353980541229,-0.3032669425010681,0.413923978805542,0.32704368233680725,-0.20324090123176575,0.3151170015335083,0.7437720894813538,-0.12692485749721527,136.59119540900662,20.41569250007995,0.0026668012142181396,0.0791366957128048,57.882832246167325,56.396288572449365,57.70260989533578,0.42801470178972456,0,0,0
2024-11-08 15:41:20,0.4291027933359146,0.5426962673664093,-0.8653934895992279,0.686764657497406,0.9211218953132629,-0.44942188262939453,0.16086992621421814,0.9098020792007446,-0.5650535225868225,0.3483518958091736,0.4342469871044159,-0.29642289876937866,0.41341057419776917,0.3271588981151581,-0.20303292572498322,0.31353941559791565,0.7432661652565002,-0.130255788564682,136.76594413687076,19.748495679591144,0.004413813352584839,0.08144468814134598,55.90455302170345,57.97533043243676,59.57511105606662,0.43009481172592334,0,0,0
2024-11-08 15:41:20,0.4297807216644287,0.5435810387134552,-0.8813047409057617,0.6872564554214478,0.9217365384101868,-0.48044252395629883,0.16056020557880402,0.9120904803276062,-0.5559937953948975,0.34731340408325195,0.43531543016433716,-0.3158976435661316,0.41076406836509705,0.3261450529098511,-0.21901294589042664,0.3114249110221863,0.7458598613739014,-0.1351054161787033,137.61948617960712,19.788311257457988,0.004697054624557495,0.07938506826758385,57.66994148492813,59.090658136533996,60.49610185192628,0.43094172169932693,0,0,0
2024-11-08 15:41:21,0.4306664317846298,0.5436771810054779,-0.7932438552379608,0.6831848621368408,0.9194310903549194,-0.41562214493751526,0.16211745142936707,0.9117341637611389,-0.46876731514930725,0.34902724623680115,0.43755435943603516,-0.32805585861206055,0.4109307825565338,0.32620248198509216,-0.23097893595695496,0.3107900023460388,0.7485353350639343,-0.13839973509311676,137.833736067451,20.459322690372918,0.005639463663101196,0.07663019001483917,60.031265701566426,58.04858511368558,59.060479118279986,0.4291657234811323,0,0,0
2024-11-08 15:41:22,0.4306560754776001,0.5436027646064758,-0.8154310286045074,0.680358350276947,0.918441116809845,-0.4224313199520111,0.1626872420310974,0.910942018032074,-0.4951830506324768,0.3511970639228821,0.4383004903793335,-0.33027133345603943,0.4136068820953369,0.3268612325191498,-0.23267719149589539,0.31233468651771545,0.7493886351585388,-0.1362534761428833,136.95455618464473,21.390038953644478,0.0038418173789978027,0.07618511095643044,60.412762037345345,54.95630075121366,55.63054602859119,0.4291768572072412,0,0,0
2024-11-08 15:41:22,0.43085868656635284,0.5440804958343506,-0.8527186810970306,0.6790369749069214,0.9194857478141785,-0.4357585906982422,0.1624443382024765,0.9105862379074097,-0.5297831296920776,0.34979355335235596,0.4373721778392792,-0.32599112391471863,0.41356801986694336,0.32692620158195496,-0.22576475143432617,0.3122783303260803,0.7505592107772827,-0.13801634311676025,136.38624948882656,20.866270432556963,0.0025273561477661133,0.08198538795113564,55.441096041883746,55.20820841924326,56.15354141965151,0.42863259024804967,0,0,0
2024-11-08 15:41:23,0.431096613407135,0.5438966155052185,-0.8733454048633575,0.6819669604301453,0.9201193451881409,-0.45973366498947144,0.1626097559928894,0.9105095267295837,-0.5422539114952087,0.348462849855423,0.4381254315376282,-0.31218820810317993,0.41442418098449707,0.3276134729385376,-0.2141410857439041,0.3195621967315674,0.7447153329849243,-0.13715212047100067,135.40981806527446,19.87062999239699,0.0023702681064605713,0.08546594902873039,52.45775797537395,55.83248530659027,57.58534112417863,0.4251862953357788,0,0,0
2024-11-08 15:41:23,0.43123704195022583,0.5443391799926758,-0.9685340821743011,0.6852172017097473,0.9205819368362427,-0.5333141088485718,0.16088972985744476,0.9122120141983032,-0.625826358795166,0.3472127914428711,0.4374724328517914,-0.3137851357460022,0.41688957810401917,0.3285784125328064,-0.2136763036251068,0.31435519456863403,0.7453704476356506,-0.13795223832130432,134.52993528106973,19.438716113305375,0.007967233657836914,0.08809734135866165,50.20227883543287,55.464477166886866,57.65646644880067,0.42479464060090505,0,0,0
2024-11-08 15:41:24,0.4313577562570572,0.5440512597560883,-0.9308818578720093,0.6874638199806213,0.9241085648536682,-0.5041990280151367,0.16000212728977203,0.9134336113929749,-0.6056324243545532,0.34395724534988403,0.43623238801956177,-0.31157949566841125,0.4179953634738922,0.3289685547351837,-0.2077033966779709,0.3159031271934509,0.74374920129776,-0.14058423042297363,133.47064250010777,18.352529777100884,0.007699429988861084,0.08872534334659576,49.66399141720363,56.153839945949116,59.36082691537638,0.4256764994376986,0,0,0
2024-11-08 15:41:24,0.43192756175994873,0.5440456569194794,-0.8574320375919342,0.6855831742286682,0.9219680428504944,-0.4575236737728119,0.1624670922756195,0.9126343131065369,-0.543187141418457,0.34308257699012756,0.4365171194076538,-0.3083914518356323,0.41827043890953064,0.32950714230537415,-0.20842131972312927,0.31062769889831543,0.7461217045783997,-0.14015351235866547,133.42555921590443,18.054489064862032,0.006879597902297974,0.08597935363650322,52.01769688299724,56.68680477254214,60.22369580867931,0.4260695881836954,0,0,0
2024-11-08 15:41:25,0.432402566075325,0.5443868041038513,-0.8953149020671844,0.6856927275657654,0.9212386608123779,-0.4748212695121765,0.16335958242416382,0.913478672504425,-0.5645559430122375,0.34247887134552,0.43727046251296997,-0.3106078803539276,0.4186270833015442,0.32967349886894226,-0.21070650219917297,0.30915820598602295,0.747569739818573,-0.14041414856910706,133.39358141122628,18.076418439529288,0.008099913597106934,0.08548574149608612,52.440793003354756,56.59817709665822,60.15119669710521,0.42658251791040686,0,0,0
2024-11-08 15:41:26,0.43270203471183777,0.5440667867660522,-0.852464109659195,0.6827727556228638,0.9190694093704224,-0.4280446171760559,0.16298189759254456,0.9136044383049011,-0.5556653141975403,0.3428843021392822,0.4385380446910858,-0.32342228293418884,0.41882866621017456,0.3301720917224884,-0.2327529489994049,0.3093065619468689,0.7512795329093933,-0.13896773755550385,134.6611136503357,18.462871550540545,0.008104383945465088,0.0854877457022667,52.43907511234284,57.599816009388874,60.514854636211616,0.4278359109939916,0,0,0
2024-11-08 15:41:26,0.4466782808303833,0.5442412793636322,-0.6032039225101471,0.6793957948684692,0.9120115041732788,-0.3384321331977844,0.18560102581977844,0.8966390490531921,-0.3009569048881531,0.33946484327316284,0.4403855502605438,-0.33111849427223206,0.4026612341403961,0.324060320854187,-0.23777714371681213,0.30884742736816406,0.7532956600189209,-0.13481846451759338,136.83308870581942,19.673568280706274,0.013019770383834839,0.056626271456480026,77.1774816087314,58.21918762673464,60.912422908287866,0.42743118657591633,0,0,0
2024-11-08 15:41:27,0.44960807263851166,0.5388790965080261,-0.6399581730365753,0.6654480695724487,0.9026955366134644,-0.3040982484817505,0.19360576570034027,0.8721135258674622,-0.43688687682151794,0.3446682095527649,0.44825586676597595,-0.3940930664539337,0.39932554960250854,0.3172805607318878,-0.35703733563423157,0.31870317459106445,0.7423298954963684,-0.10217708349227905,148.52509839089925,27.082042714871697,0.025231778621673584,0.045920222997665405,82.16867167609078,59.77105231751555,54.267261240802505,0.44027187580491634,0,0,0
2024-11-08 15:41:28,0.4268546402454376,0.5344232320785522,-0.8496615886688232,0.6677836179733276,0.9029248952865601,-0.5002257823944092,0.17169609665870667,0.8821011185646057,-0.5518158674240112,0.35653847455978394,0.4550362527370453,-0.36142513155937195,0.4182203710079193,0.3236265182495117,-0.3007381558418274,0.3178008198738098,0.7636374235153198,-0.10530366003513336,146.92934341162783,27.461648242737635,0.003666102886199951,0.05927274003624916,74.90907996892929,56.77778429080369,51.136669770603376,0.4611370470276313,0,0,0
2024-11-08 15:41:28,0.42143313586711884,0.5323260426521301,-0.5884914398193359,0.6656044721603394,0.8893470168113708,-0.3325938880443573,0.16223837435245514,0.8859922289848328,-0.3603430986404419,0.3470049798488617,0.41883307695388794,-0.29511624574661255,0.3967612385749817,0.32802823185920715,-0.3466596305370331,0.3613246977329254,0.6383630633354187,-0.01863180287182331,137.12189071457283,33.6158486757131,0.005991697311401367,0.06167280115187168,72.85188472696714,30.738949648975762,23.834410887143534,0.47254074419254416,0,0,0
2024-11-08 15:41:32,0.4180345833301544,0.5336442589759827,-0.7167564630508423,0.661579966545105,0.8950625061988831,-0.42740359902381897,0.16541410982608795,0.8852643370628357,-0.4675455689430237,0.3489812910556793,0.40337398648262024,-0.30698561668395996,0.3922986388206482,0.325467973947525,-0.39489373564720154,0.3702601492404938,0.6230937838554382,0.0010874919826164842,135.17205472721258,34.7155294772014,0.003946810960769653,0.04789458215236664,84.66178672654289,25.80981766369481,19.34760426372391,0.49325291644464064,0,0,0
2024-11-08 15:41:36,0.44222667813301086,0.5379067659378052,-0.8386951684951782,0.6825971603393555,0.9096163511276245,-0.4459187388420105,0.18352089822292328,0.8917134404182434,-0.5409120321273804,0.35072794556617737,0.4575533866882324,-0.28887778520584106,0.3888440728187561,0.34783294796943665,-0.21999868750572205,0.3301953971385956,0.6827538013458252,-0.09736847132444382,130.4412511419492,28.569918809851554,0.0031877458095550537,0.0838654562830925,53.82960890020643,31.477913979025786,28.99040654155031,0.40644701885569734,0,0,0
2024-11-08 15:41:37,0.4222903400659561,0.5445496737957001,-0.9344032108783722,0.6899991035461426,0.9221640229225159,-0.5473396182060242,0.17696943879127502,0.9074983596801758,-0.5498091578483582,0.3470754027366638,0.43136611580848694,-0.18491104245185852,0.3771173357963562,0.35267290472984314,-0.12054834514856339,0.3240993320941925,0.688766360282898,-0.098831906914711,148.22312959721174,13.679110943617836,0.003850102424621582,0.08764414489269257,50.590732949120664,80.8706033233321,81.05260838736983,0.4165501304250854,0,0,0
2024-11-08 15:41:37,0.4223479926586151,0.5477580726146698,-0.9307710826396942,0.6957750916481018,0.9300991892814636,-0.524946928024292,0.1702645719051361,0.9144410490989685,-0.567267894744873,0.3343082070350647,0.4357883036136627,-0.18032264709472656,0.3899175524711609,0.35327261686325073,-0.11059419065713882,0.31693437695503235,0.7041653394699097,-0.1040935292840004,141.6350351639241,12.409353710184027,0.003522723913192749,0.08955975994467735,48.94877719027656,69.1077566498618,70.3375874336544,0.41238484972347483,0,0,0
2024-11-08 15:41:38,0.4219748377799988,0.5489434599876404,-0.9501011371612549,0.6956743001937866,0.9285274744033813,-0.5311933159828186,0.1656663715839386,0.9153322577476501,-0.5621923208236694,0.34988945722579956,0.45714589953422546,-0.27031466364860535,0.4012993276119232,0.3397808074951172,-0.19063922762870789,0.32108980417251587,0.728941798210144,-0.10325970500707626,138.2508888386755,20.994447555304674,0.0027503371238708496,0.08879752084612846,49.60212498903275,57.56234926353636,57.57089049118223,0.4139899078946584,0,0,0
2024-11-08 15:41:39,0.42279042303562164,0.5487768054008484,-0.9466331303119659,0.6981824636459351,0.9286407828330994,-0.5462887287139893,0.16682668030261993,0.9173557758331299,-0.542310357093811,0.35173046588897705,0.4423859715461731,-0.23678162693977356,0.39577460289001465,0.338340699672699,-0.13791148364543915,0.32244426012039185,0.7247462868690491,-0.10913755744695663,138.3362377917495,17.48285216294732,0.001474529504776001,0.08844492211937904,49.90435246910368,64.70502858255468,67.0441400931868,0.4143476015266471,0,0,0
2024-11-08 15:41:39,0.4260711371898651,0.5488676130771637,-0.8796609342098236,0.6934455633163452,0.9143480062484741,-0.49371784925460815,0.17182877659797668,0.9150054454803467,-0.5038853287696838,0.35304000973701477,0.44180992245674133,-0.24534864723682404,0.3887627422809601,0.3450365364551544,-0.15458975732326508,0.3282258212566376,0.7245234251022339,-0.10843093693256378,141.19420628834223,17.620363151444796,0.0019849836826324463,0.08243986591696739,55.05154349974224,68.43116250078953,70.0785690216441,0.41903330104094705,0,0,0
2024-11-08 15:41:40,0.42716851830482483,0.5488134920597076,-0.8504639863967896,0.6883675456047058,0.9115422964096069,-0.4707353115081787,0.17520277202129364,0.9125623106956482,-0.47670942544937134,0.3526436984539032,0.44039058685302734,-0.2503667175769806,0.388692706823349,0.3398447036743164,-0.16040395200252533,0.32781946659088135,0.7234599590301514,-0.10898897796869278,142.3308263531104,18.078473865681215,6.046891212463379e-05,0.07805056869983673,58.81379825728281,69.10620916299214,70.29533525946903,0.4177997210356477,0,0,0
2024-11-08 15:41:40,0.42827367782592773,0.5509994924068451,-0.8908123075962067,0.6844280958175659,0.9119957089424133,-0.5162369012832642,0.17731371521949768,0.9106067419052124,-0.49058279395103455,0.35362204909324646,0.4474206566810608,-0.25349897146224976,0.3941011130809784,0.33408525586128235,-0.15728279948234558,0.3264148533344269,0.7270252704620361,-0.10620403289794922,140.0930913604788,19.065235147103955,0.003150761127471924,0.07897279039025307,58.02332252264023,63.99985761046243,65.16293956371483,0.41808874436804316,0,0,0
2024-11-08 15:41:41,0.42841483652591705,0.5512124001979828,-0.8438594937324524,0.6807574033737183,0.9075779318809509,-0.4455752372741699,0.17726334929466248,0.9102535247802734,-0.498137891292572,0.35457271337509155,0.45204001665115356,-0.2779366075992584,0.3973180949687958,0.3339654505252838,-0.1859487146139145,0.32423830032348633,0.7339344620704651,-0.10838361829519272,139.4615991776224,21.344130735974325,0.0023452043533325195,0.08151154220104218,55.847249541963855,58.557977376722704,58.28243960988463,0.4149616043124429,0,0,0
